amplitudeVariation,kurtosis,max,mean,meanAmplitude,meanDerivate_1,meanDerivate_2,meanFrequency,median,medianFrequency,min,rms,skewness,std,totalPower,variance,zzclassification,meandelta,meanAmplitudedelta,powerdelta,rmsdelta,meanAdelta,meanFidelta,meanalpha,meanAmplitudealpha,poweralpha,rmsalpha,meanAalpha,meanFialpha,meantheta,meanAmplitudetheta,powertheta,rmstheta,meanAtheta,meanFitheta
92.6292,11.5723,65.6855,-0.3103,0.64558,0.13529,0.026403,0.084093,-0.61556,0.03133,-31.4542,7.8055,1.2455,7.8,60.9263,60.8402,TA,-0.15988,0.64558,60.9263,7.8055,9.0181,7.0957,-0.0061346,0.64558,60.9263,7.8055,2.4406,8.0276,8.3791e-05,0.64558,60.9263,7.8055,1.5104,8.4754
65.0002,7.0162,39.1029,-0.31494,0.20093,-0.56144,0.00094296,0.051268,-0.82766,0.024136,-27.2123,8.2457,1.0584,8.2403,67.991,67.9031,TA,-0.22502,0.20093,67.991,8.2457,12.3898,6.5362,-0.003474,0.20093,67.991,8.2457,2.291,7.6032,-0.00057268,0.20093,67.991,8.2457,1.3195,7.5035
148.4262,3.6025,82.7902,-1.3218,1.2303,-1.4394,0.12863,0.036277,-2.9016,0.018814,-67.5366,22.9503,0.4141,22.9141,526.7148,525.0551,TA,-0.32454,1.2303,526.7148,22.9503,23.5803,17.2953,0.017802,1.2303,526.7148,22.9503,4.4565,14.2285,0.0074626,1.2303,526.7148,22.9503,3.024,17.5521
148.4262,3.6025,82.7902,-1.3218,1.2303,-1.4394,0.12863,0.036277,-2.9016,0.018814,-67.5366,22.9503,0.4141,22.9141,526.7148,525.0551,TA,-0.32454,1.2303,526.7148,22.9503,23.5803,17.2953,0.017802,1.2303,526.7148,22.9503,4.4565,14.2285,0.0074626,1.2303,526.7148,22.9503,3.024,17.5521
183.5334,3.998,103.9411,1.0239,5.2038,5.2955,0.042667,0.045542,-0.90378,0.023091,-89.1893,26.1651,0.37971,26.1472,684.6107,683.6762,TA,0.61574,5.2038,684.6107,26.1651,27.5427,18.2348,-0.0077543,5.2038,684.6107,26.1651,4.8415,15.6295,-0.00082509,5.2038,684.6107,26.1651,3.1121,18.1274
191.7253,7.7734,107.7485,-2.0645,1.099,1.537,-0.011713,0.045057,-2.6507,0.02093,-108.082,22.7515,0.11643,22.6595,517.6299,513.4533,TA,0.31547,1.099,517.6299,22.7515,19.9093,15.3703,0.011229,1.099,517.6299,22.7515,4.4203,14.4103,0.0049749,1.099,517.6299,22.7515,3.4243,20.2129
178.2339,3.1758,100.9126,-0.38225,2.8145,1.2482,0.060143,0.041551,-1.2524,0.025062,-83.4691,28.8369,0.23826,28.8368,831.5662,831.5586,HVS,0.23151,2.8145,831.5662,28.8369,34.4646,23.8007,0.0088983,2.8145,831.5662,28.8369,7.7404,24.8639,0.0064194,2.8145,831.5662,28.8369,3.7161,21.0867
178.2339,3.1758,100.9126,-0.38225,2.8145,1.2482,0.060143,0.041551,-1.2524,0.025062,-83.4691,28.8369,0.23826,28.8368,831.5662,831.5586,HVS,0.23151,2.8145,831.5662,28.8369,34.4646,23.8007,0.0088983,2.8145,831.5662,28.8369,7.7404,24.8639,0.0064194,2.8145,831.5662,28.8369,3.7161,21.0867
169.4886,3.0161,92.8723,-0.92091,2.4367,-0.85498,0.099532,0.035781,0.071747,0.018653,-80.6746,28.1738,-0.099103,28.1611,793.7609,793.045,TA,0.48693,2.4367,793.7609,28.1738,38.3116,21.2718,0.0039553,2.4367,793.7609,28.1738,7.8598,25.7298,-0.0023502,2.4367,793.7609,28.1738,3.5626,19.5244
169.4886,3.0161,92.8723,-0.92091,2.4367,-0.85498,0.099532,0.035781,0.071747,0.018653,-80.6746,28.1738,-0.099103,28.1611,793.7609,793.045,TA,0.48693,2.4367,793.7609,28.1738,38.3116,21.2718,0.0039553,2.4367,793.7609,28.1738,7.8598,25.7298,-0.0023502,2.4367,793.7609,28.1738,3.5626,19.5244
179.6184,4.0278,114.2941,0.20793,2.5892,0.053145,0.043413,0.039401,-1.1064,0.021885,-129.4756,26.6432,-0.0077625,26.6446,709.8614,709.9365,TA,0.06095,2.5892,709.8614,26.6432,27.3461,18.66,0.0072312,2.5892,709.8614,26.6432,6.3035,21.1138,0.0018525,2.5892,709.8614,26.6432,3.3137,18.6864
197.3897,3.8243,137.2831,1.5023,5.8183,1.8875,0.2205,0.056165,0.62342,0.021354,-88.451,26.2685,0.28178,26.2277,690.0321,687.8898,HVS,-0.36839,5.8183,690.0321,26.2685,24.4072,22.3087,0.025229,5.8183,690.0321,26.2685,11.0771,35.8476,0.0062263,5.8183,690.0321,26.2685,4.8619,27.3173
199.6323,3.4624,116.0275,-0.41112,6.6528,3.1473,0.063709,0.048936,-2.5887,0.026128,-119.7509,32.6422,0.17562,32.6423,1065.5101,1065.5187,HVS,-0.56799,6.6528,1065.5101,32.6422,42.5261,27.9303,0.02875,6.6528,1065.5101,32.6422,10.5465,34.9608,0.010731,6.6528,1065.5101,32.6422,5.2247,29.5659
162.3807,3.2687,91.2732,-0.96629,2.5033,-0.83409,-0.011219,0.048646,-0.0051256,0.026185,-96.7751,29.1398,0.074128,29.1262,849.1266,848.3343,HVS,-0.37067,2.5033,849.1266,29.1398,36.0074,24.1931,-0.013498,2.5033,849.1266,29.1398,9.846,31.5824,-0.0064096,2.5033,849.1266,29.1398,4.5428,25.8474
165.0845,3.2905,87.4639,-0.57826,4.5921,-0.20792,-0.0096165,0.046684,-0.95444,0.0242,-116.9029,27.3471,-0.035649,27.3433,747.8658,747.6561,HVS,0.81697,4.5921,747.8658,27.3471,41.7923,25.3296,-0.0066845,4.5921,747.8658,27.3471,8.8646,28.4801,-0.0033692,4.5921,747.8658,27.3471,4.0207,22.7322
313.6805,5.2384,156.9241,-0.63767,2.6054,1.0328,-0.061883,0.028987,-3.6655,0.015502,-159.4211,41.2022,0.32415,41.2007,1697.6174,1697.4937,TA,0.17362,2.6054,1697.6174,41.2022,40.2356,25.8576,-0.0092275,2.6054,1697.6174,41.2022,7.6913,25.3664,-0.0067274,2.6054,1697.6174,41.2022,4.4223,25.5036
313.6805,5.2384,156.9241,-0.63767,2.6054,1.0328,-0.061883,0.028987,-3.6655,0.015502,-159.4211,41.2022,0.32415,41.2007,1697.6174,1697.4937,TA,0.17362,2.6054,1697.6174,41.2022,40.2356,25.8576,-0.0092275,2.6054,1697.6174,41.2022,7.6913,25.3664,-0.0067274,2.6054,1697.6174,41.2022,4.4223,25.5036
235.3137,3.6853,140.6789,-1.867,2.4083,-2.6672,0.063347,0.032303,-5.0982,0.016157,-130.9434,38.7209,0.35404,38.6791,1499.3085,1496.072,TA,-0.188,2.4083,1499.3085,38.7209,37.21,24.1184,0.0081759,2.4083,1499.3085,38.7209,7.6585,24.8423,0.0049063,2.4083,1499.3085,38.7209,4.6157,26.3416
177.8308,3.6137,97.6158,0.55666,4.0963,-0.6088,-0.11274,0.053726,-1.5969,0.01894,-95.1701,27.5501,0.35276,27.5468,759.0073,758.8239,TA,-0.21634,4.0963,759.0073,27.5501,32.1738,21.2997,-0.019708,4.0963,759.0073,27.5501,8.2962,25.9748,-0.0066044,4.0963,759.0073,27.5501,4.1427,23.6449
177.8308,3.6137,97.6158,0.55666,4.0963,-0.6088,-0.11274,0.053726,-1.5969,0.01894,-95.1701,27.5501,0.35276,27.5468,759.0073,758.8239,TA,-0.21634,4.0963,759.0073,27.5501,32.1738,21.2997,-0.019708,4.0963,759.0073,27.5501,8.2962,25.9748,-0.0066044,4.0963,759.0073,27.5501,4.1427,23.6449
161.6586,3.3334,79.4927,0.020575,3.5195,-1.5897,0.052084,0.055367,-1.2111,0.016635,-87.818,24.9924,-0.00838,24.9944,624.6183,624.722,TA,0.29524,3.5195,624.6183,24.9924,24.496,17.2824,0.0077783,3.5195,624.6183,24.9924,7.5034,24.6688,0.0037944,3.5195,624.6183,24.9924,3.5752,20.3748
164.3808,5.2032,85.3737,-0.72099,2.39,-0.30114,-0.085717,0.03416,-0.96741,0.016922,-83.0077,21.2824,0.48122,21.272,452.9413,452.4969,TA,-0.13022,2.39,452.9413,21.2824,24.1289,13.8068,-0.0034923,2.39,452.9413,21.2824,5.2911,17.4139,-0.0070359,2.39,452.9413,21.2824,2.899,16.6395
164.3808,5.2032,85.3737,-0.72099,2.39,-0.30114,-0.085717,0.03416,-0.96741,0.016922,-83.0077,21.2824,0.48122,21.272,452.9413,452.4969,TA,-0.13022,2.39,452.9413,21.2824,24.1289,13.8068,-0.0034923,2.39,452.9413,21.2824,5.2911,17.4139,-0.0070359,2.39,452.9413,21.2824,2.899,16.6395
129.7341,5.5191,80.7727,-1.4478,0.91883,-0.51313,0.049683,0.039129,-2.542,0.018986,-74.9737,18.8912,0.70816,18.8372,356.8789,354.8418,TA,-0.31438,0.91883,356.8789,18.8912,19.0991,13.3985,-0.0086856,0.91883,356.8789,18.8912,5.3042,18.0854,0.00032813,0.91883,356.8789,18.8912,2.7114,15.0467
129.7341,5.5191,80.7727,-1.4478,0.91883,-0.51313,0.049683,0.039129,-2.542,0.018986,-74.9737,18.8912,0.70816,18.8372,356.8789,354.8418,TA,-0.31438,0.91883,356.8789,18.8912,19.0991,13.3985,-0.0086856,0.91883,356.8789,18.8912,5.3042,18.0854,0.00032813,0.91883,356.8789,18.8912,2.7114,15.0467
111.9086,4.2189,68.3342,-0.75757,2.076,-0.34882,0.091177,0.046477,-0.84461,0.024192,-50.2822,15.226,0.19637,15.2084,231.8321,231.2968,TA,-0.030965,2.076,231.8321,15.226,13.9867,10.8505,0.0062675,2.076,231.8321,15.226,5.0888,16.8326,0.0028804,2.076,231.8321,15.226,2.4701,14.0247
144.8163,4.7537,68.5416,-2.5123,-1.0538,-0.25654,0.057922,0.038804,-3.1752,0.021222,-78.0086,17.5162,0.1189,17.3365,306.8173,300.5557,TA,0.069972,-1.0538,306.8173,17.5162,17.3434,12.4744,0.0013914,-1.0538,306.8173,17.5162,4.3961,14.1751,-0.00022411,-1.0538,306.8173,17.5162,2.2957,13.1221
144.8163,4.7537,68.5416,-2.5123,-1.0538,-0.25654,0.057922,0.038804,-3.1752,0.021222,-78.0086,17.5162,0.1189,17.3365,306.8173,300.5557,TA,0.069972,-1.0538,306.8173,17.5162,17.3434,12.4744,0.0013914,-1.0538,306.8173,17.5162,4.3961,14.1751,-0.00022411,-1.0538,306.8173,17.5162,2.2957,13.1221
154.0269,4.3393,83.764,-3.1762,-1.4248,-1.9798,0.054651,0.039562,-4.3554,0.019358,-73.6738,19.9313,0.21421,19.6782,397.2557,387.2319,TA,-0.24981,-1.4248,397.2557,19.9313,21.3629,13.5492,0.010231,-1.4248,397.2557,19.9313,4.8373,15.2147,0.0036215,-1.4248,397.2557,19.9313,2.3518,13.3521
154.4093,4.2445,91.46,-1.1677,1.5319,-0.52702,-0.046645,0.040425,-2.3931,0.018645,-76.6306,22.5153,0.51142,22.4869,506.9406,505.6613,TA,0.031388,1.5319,506.9406,22.5153,21.2526,15.0064,-0.0063455,1.5319,506.9406,22.5153,6.2684,20.7661,-0.0036259,1.5319,506.9406,22.5153,3.1737,17.6391
154.4093,4.2445,91.46,-1.1677,1.5319,-0.52702,-0.046645,0.040425,-2.3931,0.018645,-76.6306,22.5153,0.51142,22.4869,506.9406,505.6613,TA,0.031388,1.5319,506.9406,22.5153,21.2526,15.0064,-0.0063455,1.5319,506.9406,22.5153,6.2684,20.7661,-0.0036259,1.5319,506.9406,22.5153,3.1737,17.6391
167.4069,4.8705,106.2956,-0.14212,0.83186,1.0306,0.0041834,0.043593,-1.5557,0.020251,-62.9681,22.7923,0.68137,22.7937,519.4874,519.5538,TA,0.45764,0.83186,519.4874,22.7923,25.0644,18.9732,-0.017143,0.83186,519.4874,22.7923,6.469,20.7854,-0.0040002,0.83186,519.4874,22.7923,3.0336,16.8897
157.4199,5.4502,89.75,0.081951,2.898,-0.21598,-0.10665,0.059233,-0.27998,0.029273,-129.3372,21.0693,0.027588,21.0709,443.9173,443.9846,TA,0.35603,2.898,443.9173,21.0693,27.8662,20.4264,0.00084832,2.898,443.9173,21.0693,6.652,21.5711,-0.000545,2.898,443.9173,21.0693,3.6632,20.5382
207.1589,5.7192,130.0755,-0.24079,2.3933,-0.85013,-0.03806,0.045354,-0.13887,0.026977,-89.0243,23.0086,0.37873,23.0093,529.3969,529.4272,TA,0.53741,2.3933,529.3969,23.0086,27.9869,20.3865,0.0085635,2.3933,529.3969,23.0086,6.2583,20.5746,0.0014646,2.3933,529.3969,23.0086,3.2597,18.1971
124.7393,3.2276,55.859,0.44173,3.3349,-0.44284,0.094731,0.045388,1.037,0.022231,-70.5611,20.3605,-0.27746,20.3574,414.5513,414.4253,TA,0.29056,3.3349,414.5513,20.3605,25.4342,17.1765,0.0068126,3.3349,414.5513,20.3605,6.495,21.1594,0.0019911,3.3349,414.5513,20.3605,3.4044,19.2085
132.7856,3.2718,68.4834,-1.299,2.0635,0.44953,0.17671,0.049701,-0.3521,0.024546,-70.9123,21.482,-0.046957,21.4445,461.4772,459.8664,TA,0.16669,2.0635,461.4772,21.482,25.4823,18.8829,-0.00021182,2.0635,461.4772,21.482,6.5837,21.3788,0.00061247,2.0635,461.4772,21.482,3.5066,19.2173
192.9654,3.505,95.3097,-2.6367,1.8638,0.85356,0.12716,0.0423,-2.233,0.030589,-99.4245,31.3118,-0.087314,31.2032,980.4311,973.6411,HVS,-0.3639,1.8638,980.4311,31.3118,34.9713,31.747,-0.013427,1.8638,980.4311,31.3118,9.3176,28.192,-0.0050296,1.8638,980.4311,31.3118,3.9166,22.1703
192.9654,3.505,95.3097,-2.6367,1.8638,0.85356,0.12716,0.0423,-2.233,0.030589,-99.4245,31.3118,-0.087314,31.2032,980.4311,973.6411,HVS,-0.3639,1.8638,980.4311,31.3118,34.9713,31.747,-0.013427,1.8638,980.4311,31.3118,9.3176,28.192,-0.0050296,1.8638,980.4311,31.3118,3.9166,22.1703
294.8923,4.2958,145.3981,-5.1004,-0.52438,1.8704,0.092648,0.030081,-1.565,0.015321,-152.2789,38.7593,-0.4081,38.4254,1502.2808,1476.513,HVS,-0.21637,-0.52438,1502.2808,38.7593,33.9213,28.6463,0.024397,-0.52438,1502.2808,38.7593,10.3054,30.1691,0.0054746,-0.52438,1502.2808,38.7593,3.9331,21.794
194.3892,4.3122,120.2096,0.10971,4.0728,0.65261,-0.084282,0.042267,-0.00017356,0.023174,-94.5636,25.5593,0.073747,25.5612,653.2798,653.3767,HVS,0.89154,4.0728,653.2798,25.5593,40.857,25.5476,-0.013458,4.0728,653.2798,25.5593,8.046,24.6546,-0.01086,4.0728,653.2798,25.5593,3.8453,22.0843
216.9936,3.3957,121.37,-0.79916,5.4218,-1.9877,0.058349,0.032207,-1.2953,0.016599,-101.2434,36.913,0.22075,36.9074,1362.5673,1362.1557,HVS,0.1635,5.4218,1362.5673,36.913,35.452,29.7299,-0.0037847,5.4218,1362.5673,36.913,9.2146,27.9881,-0.0029959,5.4218,1362.5673,36.913,3.6893,21.0981
177.2728,2.5716,99.744,-0.11394,4.2088,-0.77138,-0.0824,0.034628,-1.6529,0.022878,-80.9345,33.3496,0.21753,33.3521,1112.1928,1112.3652,HVS,0.68365,4.2088,1112.1928,33.3496,40.0974,29.4362,0.022406,4.2088,1112.1928,33.3496,8.5957,26.5656,0.0082368,4.2088,1112.1928,33.3496,3.3078,18.9326
222.1617,3.0907,122.9631,-0.017705,4.2601,-0.20367,-0.055421,0.019865,-2.3867,0.0054591,-120.2037,40.3612,0.20215,40.3645,1629.0249,1629.2961,HVS,0.31722,4.2601,1629.0249,40.3612,31.7779,24.6653,-0.022446,4.2601,1629.0249,40.3612,7.8481,24.7963,-0.0075747,4.2601,1629.0249,40.3612,3.4809,19.267
109.6216,3.0412,50.7684,-0.13358,2.2051,-1.2445,0.20738,0.047631,0.79512,0.018986,-67.8803,19.3782,-0.30904,19.3793,375.513,375.5578,HVS,-0.047288,2.2051,375.513,19.3782,20.2031,15.1055,-0.0053136,2.2051,375.513,19.3782,5.9982,20.2292,-0.0030788,2.2051,375.513,19.3782,3.997,22.1713
109.6216,3.0412,50.7684,-0.13358,2.2051,-1.2445,0.20738,0.047631,0.79512,0.018986,-67.8803,19.3782,-0.30904,19.3793,375.513,375.5578,HVS,-0.047288,2.2051,375.513,19.3782,20.2031,15.1055,-0.0053136,2.2051,375.513,19.3782,5.9982,20.2292,-0.0030788,2.2051,375.513,19.3782,3.997,22.1713
162.7807,6.1125,56.8479,-0.082317,1.4114,0.54176,0.012074,0.047109,0.039157,0.021541,-113.0668,18.9622,-0.50666,18.9636,359.5665,359.6197,HVS,-0.29352,1.4114,359.5665,18.9622,19.6101,13.8741,-0.0015166,1.4114,359.5665,18.9622,5.9418,20.005,-0.004659,1.4114,359.5665,18.9622,3.8239,21.1339
109.7184,3.8877,61.925,1.33,5.7823,-0.57473,0.087814,0.062952,0.82541,0.033856,-88.3462,17.6631,-0.14605,17.6145,311.9861,310.269,HVS,0.14982,5.7823,311.9861,17.6631,20.1808,16.919,-0.0026524,5.7823,311.9861,17.6631,6.2875,21.2053,0.0012588,5.7823,311.9861,17.6631,4.0058,23.1878
109.7184,3.8877,61.925,1.33,5.7823,-0.57473,0.087814,0.062952,0.82541,0.033856,-88.3462,17.6631,-0.14605,17.6145,311.9861,310.269,HVS,0.14982,5.7823,311.9861,17.6631,20.1808,16.919,-0.0026524,5.7823,311.9861,17.6631,6.2875,21.2053,0.0012588,5.7823,311.9861,17.6631,4.0058,23.1878
101.4106,3.5765,54.4887,-0.79428,2.7158,-0.08886,-0.010606,0.057942,-1.4996,0.025475,-49.3328,15.1283,0.027846,15.1087,228.8645,228.2717,HVS,0.1538,2.7158,228.8645,15.1283,16.8757,12.271,0.0033844,2.7158,228.8645,15.1283,5.6226,19.496,0.00063119,2.7158,228.8645,15.1283,3.4293,19.599
102.0404,3.5282,64.1832,0.45421,3.9542,-0.99485,0.058119,0.060418,-0.3037,0.031534,-49.6127,15.9436,0.33784,15.9385,254.1986,254.0347,HVS,0.43034,3.9542,254.1986,15.9436,24.6234,14.6177,0.0051993,3.9542,254.1986,15.9436,5.4619,17.7429,0.0020681,3.9542,254.1986,15.9436,3.2817,18.536
154.9077,2.9454,92.4422,-0.70451,4.7307,-0.39973,-0.056247,0.039177,-0.72004,0.020744,-76.9573,25.4625,0.14858,25.4549,648.3406,647.9522,HVS,0.26905,4.7307,648.3406,25.4625,29.2638,22.1612,-0.016178,4.7307,648.3406,25.4625,7.8788,24.3878,-0.0032747,4.7307,648.3406,25.4625,3.7083,20.7043
154.9077,2.9454,92.4422,-0.70451,4.7307,-0.39973,-0.056247,0.039177,-0.72004,0.020744,-76.9573,25.4625,0.14858,25.4549,648.3406,647.9522,HVS,0.26905,4.7307,648.3406,25.4625,29.2638,22.1612,-0.016178,4.7307,648.3406,25.4625,7.8788,24.3878,-0.0032747,4.7307,648.3406,25.4625,3.7083,20.7043
143.9714,2.9559,83.3119,-2.0465,2.6021,1.6464,0.21411,0.043992,-3.984,0.027554,-62.1081,26.6657,0.40183,26.5893,711.0618,706.9914,HVS,-0.35481,2.6021,711.0618,26.6657,31.1854,24.5364,0.005055,2.6021,711.0618,26.6657,8.0548,25.1478,0.0013449,2.6021,711.0618,26.6657,4.0249,22.7705
152.1297,3.2523,77.4612,-0.87664,1.923,-3.5823,-0.1541,0.043276,-1.529,0.020914,-75.7722,25.2814,0.023104,25.2683,639.149,638.4869,HVS,0.054948,1.923,639.149,25.2814,30.1095,20.474,-0.015379,1.923,639.149,25.2814,7.2956,23.262,-0.0029839,1.923,639.149,25.2814,3.5171,19.371
151.4091,4.0271,78.9514,-1.2272,0.86521,-0.60946,-0.041089,0.02514,-2.2443,0.0096545,-75.0937,24.2401,0.33736,24.211,587.5817,586.1733,TA,-0.15063,0.86521,587.5817,24.2401,19.5451,12.4149,-0.0054634,0.86521,587.5817,24.2401,4.6952,15.4185,-0.0028045,0.86521,587.5817,24.2401,2.6926,14.9996
138.8197,3.5646,94.1704,-0.82589,1.3372,0.22913,-0.026898,0.02452,-2.0887,0.010219,-59.773,22.2881,0.55668,22.2747,496.7615,496.1621,TA,-0.014191,1.3372,496.7615,22.2881,19.46,11.7896,0.0013086,1.3372,496.7615,22.2881,3.9551,12.9917,0.00048194,1.3372,496.7615,22.2881,2.2888,12.9787
105.212,3.0487,59.8704,-0.81177,1.6959,0.83795,-0.037277,0.041099,-2.7144,0.019231,-62.968,18.5465,0.38438,18.5303,343.974,343.3723,TA,-0.049362,1.6959,343.974,18.5465,17.0282,11.7389,0.010512,1.6959,343.974,18.5465,4.6133,15.2283,0.0019119,1.6959,343.974,18.5465,3.0337,17.6438
131.7945,4.6249,61.9221,-0.93663,1.7395,0.31277,0.061633,0.044242,-2.0665,0.016135,-75.4685,16.6909,0.10083,16.666,278.5871,277.7561,TA,-0.012321,1.7395,278.5871,16.6909,15.7601,10.8681,0.0045358,1.7395,278.5871,16.6909,4.6435,15.545,-0.0011592,1.7395,278.5871,16.6909,2.8259,16.431
142.5848,4.13,82.0849,0.021244,3.2229,-1.2448,-0.0339,0.058396,0.58155,0.035641,-71.7148,19.8833,-0.12704,19.8849,395.344,395.4094,HVS,0.094706,3.2229,395.344,19.8833,23.726,18.8413,-0.018018,3.2229,395.344,19.8833,6.4396,20.2779,-0.0023219,3.2229,395.344,19.8833,2.8125,15.957
142.5848,4.13,82.0849,0.021244,3.2229,-1.2448,-0.0339,0.058396,0.58155,0.035641,-71.7148,19.8833,-0.12704,19.8849,395.344,395.4094,HVS,0.094706,3.2229,395.344,19.8833,23.726,18.8413,-0.018018,3.2229,395.344,19.8833,6.4396,20.2779,-0.0023219,3.2229,395.344,19.8833,2.8125,15.957
157.0848,3.2791,72.8716,-2.3789,1.0665,-2.3175,0.051485,0.035283,1.1344,0.012406,-85.8907,25.3807,-0.64662,25.2711,644.1792,638.6263,HVS,0.084519,1.0665,644.1792,25.3807,22.4463,17.8398,0.0005502,1.0665,644.1792,25.3807,6.007,19.5284,-0.0014133,1.0665,644.1792,25.3807,3.2397,18.5192
138.334,3.0902,64.4588,-0.87227,2.9426,-0.17392,0.03962,0.046112,-0.044322,0.033204,-90.7325,24.783,-0.15371,24.7697,614.1984,613.5398,HVS,0.034144,2.9426,614.1984,24.783,28.996,21.814,0.0054924,2.9426,614.1984,24.783,6.4343,20.2231,-0.0030235,2.9426,614.1984,24.783,3.1339,18.113
170.8794,5.5154,94.2466,0.3118,5.1182,-3.6408,-0.075215,0.057882,1.5505,0.038691,-123.9959,25.0802,-0.36433,25.0804,629.0166,629.0243,HVS,0.29573,5.1182,629.0166,25.0802,29.8469,26.4661,0.015371,5.1182,629.0166,25.0802,7.9174,24.0887,0.0052597,5.1182,629.0166,25.0802,3.2874,18.1336
111.7535,3.4404,51.376,-0.46177,2.0769,-0.41281,0.058535,0.044953,-0.88326,0.019931,-64.3523,17.6836,-0.063722,17.6791,312.7114,312.5502,HVS,-0.070703,2.0769,312.7114,17.6836,18.1769,12.6956,0.0046521,2.0769,312.7114,17.6836,4.2067,13.6582,0.00021099,2.0769,312.7114,17.6836,2.3433,13.6712
111.7535,3.4404,51.376,-0.46177,2.0769,-0.41281,0.058535,0.044953,-0.88326,0.019931,-64.3523,17.6836,-0.063722,17.6791,312.7114,312.5502,HVS,-0.070703,2.0769,312.7114,17.6836,18.1769,12.6956,0.0046521,2.0769,312.7114,17.6836,4.2067,13.6582,0.00021099,2.0769,312.7114,17.6836,2.3433,13.6712
164.5237,3.737,65.5199,-8.532,-5.4577,0.67011,-0.10787,0.025516,-5.0587,0.0088618,-102.4206,27.0971,-0.59999,25.721,734.2546,661.5692,HVS,-0.49348,-5.4577,734.2546,27.0971,25.3997,16.4877,-0.021998,-5.4577,734.2546,27.0971,4.7782,15.7149,-0.0085016,-5.4577,734.2546,27.0971,2.9163,16.8458
197.3005,4.4211,62.9495,-14.4523,-11.9772,1.8878,-0.070033,0.0142,-6.6825,0.0022683,-137.1974,37.4974,-1.159,34.6033,1406.0561,1197.3879,HVS,-0.17448,-11.9772,1406.0561,37.4974,19.2534,13.6529,-0.0033818,-11.9772,1406.0561,37.4974,4.0991,13.9768,-0.0014618,-11.9772,1406.0561,37.4974,2.9276,16.8185
209.6389,6.0123,87.4506,0.085299,2.1852,-0.73428,-0.012752,0.024602,-2.529,0.010253,-124.6898,28.3931,-0.081315,28.3953,806.1658,806.2929,HVS,0.35239,2.1852,806.1658,28.3931,27.7836,14.8064,-0.011286,2.1852,806.1658,28.3931,4.2307,13.5579,-0.0058476,2.1852,806.1658,28.3931,2.5449,14.844
174.1462,5.7619,63.9361,-0.18324,3.1745,-0.73673,0.011291,0.045527,0.22802,0.031872,-117.9607,22.3061,-0.73169,22.3073,497.5643,497.6136,HVS,0.056515,3.1745,497.5643,22.3061,24.7444,20.5792,0.011111,3.1745,497.5643,22.3061,6.2,19.8351,0.00065405,3.1745,497.5643,22.3061,3.1059,17.3962
174.1462,5.7619,63.9361,-0.18324,3.1745,-0.73673,0.011291,0.045527,0.22802,0.031872,-117.9607,22.3061,-0.73169,22.3073,497.5643,497.6136,HVS,0.056515,3.1745,497.5643,22.3061,24.7444,20.5792,0.011111,3.1745,497.5643,22.3061,6.2,19.8351,0.00065405,3.1745,497.5643,22.3061,3.1059,17.3962
155.4968,4.5294,77.5124,-0.60015,1.4662,0.89018,-0.093257,0.052242,-1.2456,0.031985,-86.45,19.416,0.31124,19.4084,376.9825,376.6851,HVS,0.43044,1.4662,376.9825,19.416,23.434,18.6411,-0.00022196,1.4662,376.9825,19.416,6.2795,20.327,-0.000953,1.4662,376.9825,19.416,2.8308,15.9588
132.0065,4.2504,74.0697,-0.76713,1.6902,-2.2988,0.011709,0.051539,-0.63108,0.034692,-95.5677,22.0647,-0.24843,22.0532,486.8499,486.3425,TA,-0.066047,1.6902,486.8499,22.0647,22.795,20.5823,-1.1271e-05,1.6902,486.8499,22.0647,6.6408,21.4349,-0.0046518,1.6902,486.8499,22.0647,2.9627,16.3649
121.6722,3.2226,70.7964,-0.063058,1.7454,-0.40871,0.11166,0.045462,-0.0071362,0.023847,-54.9581,19.337,0.049161,19.3385,373.9179,373.9762,TA,0.16029,1.7454,373.9179,19.337,23.8994,17.5503,0.016822,1.7454,373.9179,19.337,6.175,19.7764,0.0055085,1.7454,373.9179,19.337,2.9701,16.6144
170.256,3.9027,84.7298,-1.1597,1.0518,0.97424,-0.035368,0.04282,-2.256,0.018735,-124.5206,26.5959,0.21697,26.5728,707.3394,706.1121,HVS,-0.03805,1.0518,707.3394,26.5959,25.3838,21.0142,0.0101,1.0518,707.3394,26.5959,8.0411,25.5617,-0.00065962,1.0518,707.3394,26.5959,3.5335,19.9827
106.8344,2.707,54.8485,-0.54308,2.3106,-1.5386,-0.16993,0.055341,-1.0039,0.018504,-52.2621,17.6642,0.068108,17.6573,312.0225,311.7795,HVS,-0.28285,2.3106,312.0225,17.6642,18.6718,15.8154,-0.0027468,2.3106,312.0225,17.6642,6.746,22.4284,-0.0011923,2.3106,312.0225,17.6642,3.6695,20.5689
215.3697,4.7007,136.0193,-0.42701,2.9922,-0.076374,0.075549,0.045443,0.12582,0.022391,-102.4533,27.9174,0.17619,27.9165,779.3815,779.3291,TA,0.1369,2.9922,779.3815,27.9174,32.5588,23.8817,0.010131,2.9922,779.3815,27.9174,8.4912,27.14,0.0028926,2.9922,779.3815,27.9174,4.1213,22.9044
170.256,3.9027,84.7298,-1.1597,1.0518,0.97424,-0.035368,0.04282,-2.256,0.018735,-124.5206,26.5959,0.21697,26.5728,707.3394,706.1121,TA,-0.03805,1.0518,707.3394,26.5959,25.3838,21.0142,0.0101,1.0518,707.3394,26.5959,8.0411,25.5617,-0.00065962,1.0518,707.3394,26.5959,3.5335,19.9827
